矫档,矫焙备,谰搁悼/备,谰/搁/府/悼,府,困档,版档
堡林堡开矫,,,,,35.160032,126.851338
堡林堡开矫,堡魂备,,,,35.1395085,126.7936834
堡林堡开矫,堡魂备,坷急悼,,,35.2021,126.7998
堡林堡开矫,堡魂备,悼覆悼,,,35.2075,126.6914
堡林堡开矫,堡魂备,剧魂悼,,,35.1985,126.6897
堡林堡开矫,堡魂备,傣覆悼,,,35.1815,126.6708
堡林堡开矫,堡魂备,悼龋悼,,,35.1804,126.6876
堡林堡开矫,堡魂备,疙档悼,,,35.1814,126.7012
堡林堡开矫,堡魂备,合魂悼,,,35.1805,126.7124
堡林堡开矫,堡魂备,空悼,,,35.2002,126.7137
堡林堡开矫,堡魂备,瘤魂悼,,,35.1954,126.7327
堡林堡开矫,堡魂备,急悼,,,35.2002,126.7457
堡林堡开矫,堡魂备,魂荐悼,,,35.1865,126.7474
堡林堡开矫,堡魂备,价摹悼,,,35.1803,126.7363
堡林堡开矫,堡魂备,巢魂悼,,,35.1783,126.726
堡林堡开矫,堡魂备,脚悼,,,35.1152,126.6994
堡林堡开矫,堡魂备,价切悼,,,35.1156,126.6769
堡林堡开矫,堡魂备,措魂悼,,,35.1374,126.6725
堡林堡开矫,堡魂备,郴魂悼,,,35.1303,126.6606
堡林堡开矫,堡魂备,剧悼,,,35.1553,126.6603
堡林堡开矫,堡魂备,伙芭悼,,,35.1598,126.6728
堡林堡开矫,堡魂备,坷款悼,,,35.1516,126.6923
堡林堡开矫,堡魂备,瘤乞悼,,,35.15122,126.7286332
堡林堡开矫,堡魂备,价魂悼,,,35.1637,126.7212
堡林堡开矫,堡魂备,档傣悼,,,35.1553,126.7045
堡林堡开矫,堡魂备,楷魂悼,,,35.1135,126.7502
堡林堡开矫,堡魂备,悼魂悼,,,35.1211,126.7174
堡林堡开矫,堡魂备,疙拳悼,,,35.1255,126.7203
堡林堡开矫,堡魂备,瘤沥悼,,,35.1373,126.7171
堡林堡开矫,堡魂备,侩邦悼,,,35.130335,126.7356731
堡林堡开矫,堡魂备,侩悼,,,35.1343,126.751
堡林堡开矫,堡魂备,瘤磷悼,,,35.1426,126.7555
堡林堡开矫,堡魂备,价锰悼,,,35.14119,126.775988
堡林堡开矫,堡魂备,厘废悼,,,35.1342,126.7751
堡林堡开矫,堡魂备,岿傈悼,,,35.1219,126.7737
堡林堡开矫,堡魂备,苛悼,,,35.128115,126.7612
堡林堡开矫,堡魂备,价措悼,,,35.1068,126.795
堡林堡开矫,堡魂备,汗锋悼,,,35.1126,126.7817
堡林堡开矫,堡魂备,夸扁悼,,,35.1055,126.7613
堡林堡开矫,堡魂备,侩豪悼,,,35.0769,126.776538
堡林堡开矫,堡魂备,夯傣悼,,,35.0852,126.779
堡林堡开矫,堡魂备,蜡拌悼,,,35.0957,126.788
堡林堡开矫,堡魂备,窍魂悼,,,35.0984,126.765
堡林堡开矫,堡魂备,荤龋悼,,,35.2145,126.7282
堡林堡开矫,堡魂备,坷魂悼,,,35.2358,126.7297
堡林堡开矫,堡魂备,堡魂悼,,,35.2414,126.7467
堡林堡开矫,堡魂备,滴沥悼,,,35.2231,126.7612
堡林堡开矫,堡魂备,脚锋悼,,,35.2205,126.7769
堡林堡开矫,堡魂备,绊锋悼,,,35.1999,126.7794
堡林堡开矫,堡魂备,魂阜悼,,,35.198876,126.765463
堡林堡开矫,堡魂备,殿烙悼,,,35.1845,126.7624
堡林堡开矫,堡魂备,岿邦悼,,,35.171885,126.809725
堡林堡开矫,堡魂备,魂沥悼,,,35.172,126.7948
堡林堡开矫,堡魂备,厘荐悼,,,35.1822,126.7822
堡林堡开矫,堡魂备,孺籍悼,,,35.1827,126.8079
堡林堡开矫,堡魂备,厘傣悼,,,35.194751,126.8083
堡林堡开矫,堡魂备,柳邦悼,,,35.2125,126.7888
堡林堡开矫,堡魂备,救没悼,,,35.215,126.8042
堡林堡开矫,堡魂备,魂岿悼,,,35.205301,126.849813
堡林堡开矫,堡魂备,街鞠悼,,,35.2191,126.8477
堡林堡开矫,堡魂备,岿拌悼,,,35.2134,126.8379
堡林堡开矫,堡魂备,档玫悼,,,35.2128,126.8214
堡林堡开矫,堡魂备,冠龋悼,,,35.1711,126.7523
堡林堡开矫,堡魂备,炔锋悼,,,35.1175,126.7881
堡林堡开矫,堡魂备,家锰悼,,,35.1544,126.7963
堡林堡开矫,堡魂备,急鞠悼,,,35.150699,126.773513
堡林堡开矫,堡魂备,款荐悼,,,35.1622,126.7738
堡林堡开矫,堡魂备,辑豪悼,,,35.1572,126.7514
堡林堡开矫,堡魂备,脚锰悼,,,35.134,126.816
堡林堡开矫,堡魂备,档龋悼,,,35.1201,126.8052
堡林堡开矫,堡魂备,价沥悼,,,35.1418369,126.8009015
堡林堡开矫,堡魂备,脚芒悼,,,35.195582,126.8407192
堡林堡开矫,堡魂备,夯樊悼,,,35.18081,126.728775
堡林堡开矫,堡魂备,伙档悼,,,35.1621821,126.6975683
堡林堡开矫,堡魂备,乞悼,,,35.1247277,126.7602642
堡林堡开矫,堡魂备,悼邦悼,,,35.0986142,126.772023
堡林堡开矫,堡魂备,烙邦悼,,,35.219626,126.744788
堡林堡开矫,堡魂备,窍巢悼,,,35.1795188,126.7998443
堡林堡开矫,堡魂备,荐肯悼,,,35.1970266,126.8255539
堡林堡开矫,堡魂备,款巢悼,,,35.1732717,126.8219204
堡林堡开矫,堡魂备,脚啊悼,,,35.1798454,126.8360017
堡林堡开矫,堡魂备,梅窜2悼,,,35.2162808,126.8433376
堡林堡开矫,堡魂备,梅窜1悼,,,35.219526,126.842362
堡林堡开矫,堡魂备,厚酒悼,,,35.222035,126.824338
堡林堡开矫,堡魂备,岿邦2悼,,,35.1743675,126.8080075
堡林堡开矫,堡魂备,岿邦1悼,,,35.171885,126.809725
堡林堡开矫,堡魂备,快魂悼,,,35.1602715,126.8070122
堡林堡开矫,堡魂备,绢锋悼,,,35.148395,126.779924
堡林堡开矫,堡魂备,脚蕊悼,,,35.145224,126.800637
堡林堡开矫,堡魂备,档魂悼,,,35.1294546,126.7916242
堡林堡开矫,堡魂备,价沥2悼,,,35.139099,126.7944
堡林堡开矫,堡魂备,价沥1悼,,,35.1418369,126.8009015
堡林堡开矫,合备,,,,35.17406,126.911963
堡林堡开矫,合备,坷锋悼,,,35.2257,126.8513
堡林堡开矫,合备,措锰悼,,,35.2287,126.8621
堡林堡开矫,合备,岿免悼,,,35.2411,126.866175
堡林堡开矫,合备,积侩悼,,,35.2279917,126.9042389
堡林堡开矫,合备,侩碍悼,,,35.2512917,126.902
堡林堡开矫,合备,侩傈悼,,,35.2413,126.8932
堡林堡开矫,合备,瓤飞悼,,,35.2383333,126.9138139
堡林堡开矫,合备,荐邦悼,,,35.2422,126.9258
堡林堡开矫,合备,怕飞悼,,,35.2476,126.927
堡林堡开矫,合备,瘤具悼,,,35.2335,126.8808
堡林堡开矫,合备,侩滴悼,,,35.2218,126.8717
堡林堡开矫,合备,脚侩悼,,,35.215,126.8639
堡林堡开矫,合备,楷力悼,,,35.1985417,126.8663389
堡林堡开矫,合备,夯锰悼,,,35.222251,126.882
堡林堡开矫,合备,款沥悼,,,35.2253,126.9437
堡林堡开矫,合备,厘殿悼,,,35.2124,126.9289
堡林堡开矫,合备,拳鞠悼,,,35.1509,126.9685
堡林堡开矫,合备,没浅悼,,,35.1719917,126.961875
堡林堡开矫,合备,噶岿悼,,,35.2017833,126.9517139
堡林堡开矫,合备,陛邦悼,,,35.1497,126.9952
堡林堡开矫,合备,傣狼悼,,,35.18015,126.9874639
堡林堡开矫,合备,面瓤悼,,,35.1773,127.006
堡林堡开矫,合备,坷摹悼,,,35.189126,126.908138
堡林堡开矫,合备,滴鞠悼,,,35.171035,126.92895
堡林堡开矫,合备,阿拳悼,,,35.183485,126.940325
堡林堡开矫,合备,巩蕊悼,,,35.186776,126.9216
堡林堡开矫,合备,款鞠悼,,,35.1748596,126.87445
堡林堡开矫,合备,合悼,,,35.1559,126.9096
堡林堡开矫,合备,穿巩悼,,,35.1541,126.9063
堡林堡开矫,合备,蜡悼,,,35.1591,126.9048
堡林堡开矫,合备,吝蕊悼,,,35.1616956,126.9138179
堡林堡开矫,合备,剧魂悼,,,35.2092206,126.8797058
堡林堡开矫,合备,扒惫悼,,,35.2229319,126.8816355
堡林堡开矫,合备,籍邦悼,,,35.2149267,126.9499919
堡林堡开矫,合备,坷摹2悼,,,35.190101,126.90045
堡林堡开矫,合备,坷摹1悼,,,35.189126,126.908138
堡林堡开矫,合备,概邦悼,,,35.189643,126.892038
堡林堡开矫,合备,老邦悼,,,35.2060402,126.8972683
堡林堡开矫,合备,伙阿悼,,,35.199301,126.8995
堡林堡开矫,合备,滴鞠3悼,,,35.1630642,126.9347425
堡林堡开矫,合备,滴鞠2悼,,,35.1745643,126.9324723
堡林堡开矫,合备,滴鞠1悼,,,35.171035,126.92895
堡林堡开矫,合备,巩蕊2悼,,,35.18431,126.921888
堡林堡开矫,合备,巩蕊1悼,,,35.186776,126.9216
堡林堡开矫,合备,巩拳悼,,,35.181501,126.93685
堡林堡开矫,合备,浅氢悼,,,35.1644369,126.9231324
堡林堡开矫,合备,快魂悼,,,35.1731096,126.9249396
堡林堡开矫,合备,悼覆悼,,,35.1870424,126.8665517
堡林堡开矫,合备,款鞠3悼,,,35.182776,126.8743
堡林堡开矫,合备,款鞠2悼,,,35.172635,126.88505
堡林堡开矫,合备,款鞠1悼,,,35.1748596,126.87445
堡林堡开矫,合备,侩豪悼,,,35.1804419,126.9012011
堡林堡开矫,合备,脚救悼,,,35.167451,126.898738
堡林堡开矫,合备,烙悼,,,35.1658404,126.8942
堡林堡开矫,合备,吝居悼,,,35.157324,126.906538
堡林堡开矫,合备,吝蕊3悼,,,35.1722851,126.9171277
堡林堡开矫,合备,吝蕊2悼,,,35.1682788,126.9092727
堡林堡开矫,合备,吝蕊1悼,,,35.1616956,126.9138179
堡林堡开矫,巢备,,,,35.1330039,126.902402
堡林堡开矫,巢备,岿己悼,,,35.0658,126.8067
堡林堡开矫,巢备,盔魂悼,,,35.0927,126.8473
堡林堡开矫,巢备,措瘤悼,,,35.0729,126.821
堡林堡开矫,巢备,捞厘悼,,,35.089,126.8566
堡林堡开矫,巢备,剧苞悼,,,35.0874,126.879
堡林堡开矫,巢备,脚厘悼,,,35.0586,126.8163
堡林堡开矫,巢备,籍沥悼,,,35.0852,126.8173
堡林堡开矫,巢备,磨籍悼,,,35.0703,126.837
堡林堡开矫,巢备,拳厘悼,,,35.0831,126.8002
堡林堡开矫,巢备,拘锰悼,,,35.0905,126.8324
堡林堡开矫,巢备,瘤籍悼,,,35.0825,126.835
堡林堡开矫,巢备,铰锰悼,,,35.061,126.7754
堡林堡开矫,巢备,档陛悼,,,35.0761,126.845587
堡林堡开矫,巢备,剧锰悼,,,35.0653,126.788875
堡林堡开矫,巢备,备家悼,,,35.0562,126.808
堡林堡开矫,巢备,豪急悼,,,35.1293149,126.9066826
堡林堡开矫,巢备,规覆悼,,,35.134349,126.918263
堡林堡开矫,巢备,价窍悼,,,35.1098,126.8835
堡林堡开矫,巢备,烙鞠悼,,,35.1016,126.87
堡林堡开矫,巢备,青鞠悼,,,35.0993,126.8871
堡林堡开矫,巢备,傣巢悼,,,35.0891,126.9002
堡林堡开矫,巢备,柳岿悼,,,35.1152,126.9026
堡林堡开矫,巢备,畴措悼,,,35.0995,126.9073
堡林堡开矫,巢备,林岿悼,,,35.1319526,126.8933567
堡林堡开矫,巢备,归款悼,,,35.13829,126.9039
堡林堡开矫,巢备,辑悼,,,35.1439,126.9069
堡林堡开矫,巢备,备悼,,,35.1469,126.9098
堡林堡开矫,巢备,荤悼,,,35.1436,126.9127
堡林堡开矫,巢备,措锰悼,,,35.081267,126.8336643
堡林堡开矫,巢备,价鞠悼,,,35.11154,126.877113
堡林堡开矫,巢备,瓤傣悼,,,35.1019593,126.8943347
堡林堡开矫,巢备,林岿2悼,,,35.1346796,126.8942647
堡林堡开矫,巢备,林岿1悼,,,35.1319526,126.8933567
堡林堡开矫,巢备,归款2悼,,,35.136082,126.902312
堡林堡开矫,巢备,归款1悼,,,35.13829,126.9039
堡林堡开矫,巢备,岿魂5悼,,,35.1409652,126.8929547
堡林堡开矫,巢备,岿魂4悼,,,35.146718,126.8908308
堡林堡开矫,巢备,岿魂悼,,,35.14754,126.902613
堡林堡开矫,巢备,荤流悼,,,35.1457876,126.9080777
堡林堡开矫,巢备,豪急2悼,,,35.123474,126.913713
堡林堡开矫,巢备,豪急1悼,,,35.1293149,126.9066826
堡林堡开矫,巢备,规覆2悼,,,35.131882,126.922
堡林堡开矫,巢备,规覆1悼,,,35.134349,126.918263
堡林堡开矫,巢备,剧覆悼,,,35.1404898,126.9164288
堡林堡开矫,辑备,,,,35.151969,126.890272
堡林堡开矫,辑备,概岿悼,,,35.1184583,126.853675
堡林堡开矫,辑备,付袱悼,,,35.1428,126.8418
堡林堡开矫,辑备,陛龋悼,,,35.1351904,126.8571375
堡林堡开矫,辑备,寒柳悼,,,35.1321417,126.829175
堡林堡开矫,辑备,侩滴悼,,,35.1001,126.816
堡林堡开矫,辑备,技窍悼,,,35.1196,126.8337
堡林堡开矫,辑备,郴规悼,,,35.159,126.8729
堡林堡开矫,辑备,拳沥悼,,,35.156374,126.877725
堡林堡开矫,辑备,街锰悼,,,35.167,126.871
堡林堡开矫,辑备,傣蕊悼,,,35.1666,126.8356
堡林堡开矫,辑备,蜡锰悼,,,35.166465,126.853775
堡林堡开矫,辑备,丑己悼,,,35.1566708,126.8897629
堡林堡开矫,辑备,悼玫悼,,,35.1708823,126.8647228
堡林堡开矫,辑备,浅鞠悼,,,35.1247769,126.8786808
堡林堡开矫,辑备,陛龋2悼,,,35.12901,126.8571625
堡林堡开矫,辑备,陛龋1悼,,,35.1351904,126.8571375
堡林堡开矫,辑备,辑芒悼,,,35.114565,126.830225
堡林堡开矫,辑备,拳沥4悼,,,35.141798,126.8737503
堡林堡开矫,辑备,拳沥3悼,,,35.143399,126.876925
堡林堡开矫,辑备,拳沥2悼,,,35.146576,126.8821796
堡林堡开矫,辑备,拳沥1悼,,,35.156374,126.877725
堡林堡开矫,辑备,惑公2悼,,,35.146582,126.8663833
堡林堡开矫,辑备,惑公1悼,,,35.1537706,126.8674338
堡林堡开矫,辑备,摹乞悼,,,35.14994,126.843325
堡林堡开矫,辑备,蜡傣悼,,,35.1651263,126.8518219
堡林堡开矫,辑备,堡玫悼,,,35.164324,126.88035
堡林堡开矫,辑备,丑己2悼,,,35.150349,126.89025
堡林堡开矫,辑备,丑己1悼,,,35.1566708,126.8897629
堡林堡开矫,辑备,剧3悼,,,35.1575241,126.8939823
堡林堡开矫,辑备,剧悼,,,35.1548103,126.9010107
堡林堡开矫,悼备,,,,35.1460818,126.9232859
堡林堡开矫,悼备,陛巢肺4啊,,,35.1508,126.9149
堡林堡开矫,悼备,陛巢肺3啊,,,35.1499211,126.9163329
堡林堡开矫,悼备,陛巢肺2啊,,,35.1487637,126.9174604
堡林堡开矫,悼备,陛巢肺1啊,,,35.1478269,126.9191216
堡林堡开矫,悼备,面厘肺4啊,,,35.1495261,126.9134731
堡林堡开矫,悼备,面厘肺3啊,,,35.1488645,126.9151603
堡林堡开矫,悼备,面厘肺2啊,,,35.1480266,126.9165175
堡林堡开矫,悼备,面厘肺1啊,,,35.1471215,126.9178209
堡林堡开矫,悼备,侩魂悼,,,35.1128,126.9244
堡林堡开矫,悼备,郴巢悼,,,35.0871,126.9348
堡林堡开矫,悼备,急背悼,,,35.0847,126.9525
堡林堡开矫,悼备,岿巢悼,,,35.1025,126.9416
堡林堡开矫,悼备,款覆悼,,,35.1283,126.967
堡林堡开矫,悼备,侩楷悼,,,35.1054,126.9732
堡林堡开矫,悼备,家怕悼,,,35.1189,126.9436
堡林堡开矫,悼备,辑籍悼,,,35.1422,126.9306
堡林堡开矫,悼备,炔陛悼,,,35.147302,126.9155705
堡林堡开矫,悼备,阂肺悼,,,35.145374,126.9151
堡林堡开矫,悼备,龋巢悼,,,35.1475,126.9129
堡林堡开矫,悼备,陛悼,,,35.1433,126.9177
堡林堡开矫,悼备,堡魂悼,,,35.1471,126.9208
堡林堡开矫,悼备,巢悼,,,35.1442,126.9201
堡林堡开矫,悼备,瘤魂悼,,,35.149023,126.9327301
堡林堡开矫,悼备,魂荐悼,,,35.157315,126.930725
堡林堡开矫,悼备,拌覆悼,,,35.1585591,126.9196571
堡林堡开矫,悼备,厘悼,,,35.1489,126.9231
堡林堡开矫,悼备,泵悼,,,35.1507,126.9184
堡林堡开矫,悼备,措狼悼,,,35.1492,126.9202
堡林堡开矫,悼备,荐扁悼,,,35.150501,126.9097228
堡林堡开矫,悼备,面厘肺5啊,,,35.1513481,126.9112426
堡林堡开矫,悼备,陛巢肺5啊,,,35.152782,126.9122
堡林堡开矫,悼备,措牢悼,,,35.154,126.9154
堡林堡开矫,悼备,瘤盔2悼,,,35.1204405,126.9328482
堡林堡开矫,悼备,瘤盔1悼,,,35.1253243,126.935177
堡林堡开矫,悼备,切款悼,,,35.1324904,126.9335
堡林堡开矫,悼备,切悼,,,35.135615,126.9226
堡林堡开矫,悼备,辑巢悼,,,35.144949,126.923125
堡林堡开矫,悼备,瘤魂2悼,,,35.147982,126.934475
堡林堡开矫,悼备,瘤魂1悼,,,35.149023,126.9327301
堡林堡开矫,悼备,魂荐2悼,,,35.154582,126.936138
堡林堡开矫,悼备,魂荐1悼,,,35.157315,126.930725
堡林堡开矫,悼备,拌覆2悼,,,35.1582773,126.9251338
堡林堡开矫,悼备,拌覆1悼,,,35.1585591,126.9196571
堡林堡开矫,悼备,悼疙悼,,,35.151182,126.92515
堡林堡开矫,悼备,面厘悼,,,35.1491774,126.9128163
